CODE,SECTION,TYPE,DAY,START,END,ROOM,NAME,PROFESSOR
CEG3156,A,Lecture 1,1,10:00,11:30,LPR 154,COMPUTER SYSTEMS DESIGN,Miodrag Bolic
CEG3156,A,Lecture 2,3,08:30,10:00,LPR 154,COMPUTER SYSTEMS DESIGN,Miodrag Bolic
CEG3156,A,Laboratory 1,3,11:30,14:30,STE 2061,COMPUTER SYSTEMS DESIGN,Not available at this time.
CEG3156,A,Tutorial 1,5,11:30,13:00,CBY E015,COMPUTER SYSTEMS DESIGN,Not available at this time.
CEG3185,A,Lecture 1,2,10:00,11:30,DMS 1140,INTRO DATA COMM. &amp; NETWORKING,Jiying Zhao
CEG3185,A,Lecture 2,4,08:30,10:00,DMS 1140,INTRO DATA COMM. &amp; NETWORKING,Jiying Zhao
CEG3185,A,Laboratory 1,2,14:30,16:00,CBY B402,INTRO DATA COMM. &amp; NETWORKING,Not available at this time.
CEG3185,A,Laboratory 2,3,08:30,10:00,CBY B402,INTRO DATA COMM. &amp; NETWORKING,Not available at this time.
CEG3185,A,Laboratory 3,3,10:00,11:30,CBY B402,INTRO DATA COMM. &amp; NETWORKING,Not available at this time.
CEG3185,A,Tutorial 1,3,14:30,16:00,MRT 212,INTRO DATA COMM. &amp; NETWORKING,Not available at this time.
CEG3556,A,Lecture 1,1,10:00,11:30,DMS 10143,CONC. AVANCEE DES SYST. INF.,Rami Abielmona
CEG3556,A,Lecture 2,3,08:30,10:00,VNR 3075,CONC. AVANCEE DES SYST. INF.,Rami Abielmona
CEG3556,A,Laboratory 1,3,11:30,14:30,STE 2061,CONC. AVANCEE DES SYST. INF.,Not available at this time.
CEG3556,A,Tutorial 1,5,11:30,13:00,STE F0126,CONC. AVANCEE DES SYST. INF.,Not available at this time.
CEG3585,A,Lecture 1,3,10:00,11:30,MRT 221,COMM. DONNÉES ET RÉSEAUTAGE,Miguel A. Garzon Torres
CEG3585,A,Lecture 2,5,08:30,10:00,MRT 221,COMM. DONNÉES ET RÉSEAUTAGE,Miguel A. Garzon Torres
CEG3585,A,Laboratory 1,2,17:30,19:00,CBY B402,COMM. DONNÉES ET RÉSEAUTAGE,Not available at this time.
CEG3585,A,Tutorial 1,3,14:30,16:00,LMX 223,COMM. DONNÉES ET RÉSEAUTAGE,Not available at this time.
CEG4166,A,Lecture 1,1,13:00,14:30,MCD 121,REAL-TIME SYSTEMS DESIGN,Gilbert Arbez
CEG4166,A,Lecture 2,3,11:30,13:00,MCD 121,REAL-TIME SYSTEMS DESIGN,Gilbert Arbez
CEG4166,A,Laboratory 1,3,19:00,22:00,STE 2061,REAL-TIME SYSTEMS DESIGN,Not available at this time.
CEG4166,A,Tutorial 1,2,08:30,10:00,SMD 430,REAL-TIME SYSTEMS DESIGN,Not available at this time.
CEG4190,A,Lecture 1,2,11:30,13:00,STE J0106,COMPUTER NETWORK DESIGN,Dimitrios Makrakis
CEG4190,A,Lecture 2,5,13:00,14:30,STE J0106,COMPUTER NETWORK DESIGN,Dimitrios Makrakis
CEG4190,A,Laboratory 1,1,17:30,20:30,CBY B402,COMPUTER NETWORK DESIGN,Not available at this time.
CEG4190,A,Tutorial 1,5,14:30,16:00,STE F0126,COMPUTER NETWORK DESIGN,Not available at this time.
CEG4396,A,Lecture 1,1,11:30,13:00,CBY B202,COMPUTER NETWORK MANAGEMENT,Dimitrios Makrakis
CEG4396,A,Lecture 2,4,13:00,14:30,CBY B202,COMPUTER NETWORK MANAGEMENT,Dimitrios Makrakis
CEG4396,A,Laboratory 1,4,19:00,22:00,CBY B402,COMPUTER NETWORK MANAGEMENT,Not available at this time.
CEG4396,A,Tutorial 1,3,08:30,10:00,LPR 285,COMPUTER NETWORK MANAGEMENT,Not available at this time.
CEG4566,A,Lecture 1,1,08:30,10:00,CBY E016,CONCEPT.DE SYST.EN TEMPS RÉEL,Gilbert Arbez
CEG4566,A,Lecture 2,4,10:00,11:30,CBY E016,CONCEPT.DE SYST.EN TEMPS RÉEL,Gilbert Arbez
CEG4566,A,Laboratory 1,3,19:00,22:00,Consult the department,CONCEPT.DE SYST.EN TEMPS RÉEL,Not available at this time.
CEG4566,A,Tutorial 1,4,08:30,10:00,SMD 425,CONCEPT.DE SYST.EN TEMPS RÉEL,Not available at this time.
CEG4912,W,Lecture 1,3,10:00,11:30,CBY E016,PROJET CEG I~~CEG PROJECT I,Emil Petriu
CEG4912,W,Laboratory 1,2,17:30,20:30,STE 2061,PROJET CEG I~~CEG PROJECT I,Not available at this time.
CEG4912,W,Laboratory 2,5,08:30,11:30,STE 2061,PROJET CEG I~~CEG PROJECT I,Not available at this time.
CEG4913,W,Lecture 1,3,10:00,11:30,CBY E016,PROJET II CEG~~CEG PROJECT II,Emil Petriu
CEG4913,W,Laboratory 1,2,17:30,20:30,STE 2061,PROJET II CEG~~CEG PROJECT II,Not available at this time.
CEG4913,W,Laboratory 2,5,08:30,11:30,STE 2061,PROJET II CEG~~CEG PROJECT II,Not available at this time.
CHG1125,A,Lecture 1,4,19:00,22:00,FSS 2005,CHEMICAL ENG. FUNDAMENTALS,Holly Dole
CHG1125,A,Discussion Group 1,1,11:30,13:00,UCU 205,CHEMICAL ENG. FUNDAMENTALS,Not available at this time.
CHG1125,A,Discussion Group 2,1,11:30,13:00,LMX 342,CHEMICAL ENG. FUNDAMENTALS,Not available at this time.
CHG1125,A,Discussion Group 3,1,11:30,13:00,LMX 405,CHEMICAL ENG. FUNDAMENTALS,Not available at this time.
CHG1125,A,Discussion Group 4,1,11:30,13:00,KED B005,CHEMICAL ENG. FUNDAMENTALS,Not available at this time.
CHG1125,A,Discussion Group 5,1,11:30,13:00,CBY E016,CHEMICAL ENG. FUNDAMENTALS,Not available at this time.
CHG1525,A,Lecture 1,3,13:00,14:30,MCD 121,PRINC. DE BASE DU GÉNIE CHM.,Marc Dubé
CHG1525,A,Lecture 2,5,11:30,13:00,MCD 121,PRINC. DE BASE DU GÉNIE CHM.,Marc Dubé
CHG1525,A,Tutorial 1,4,17:30,19:00,MCD 121,PRINC. DE BASE DU GÉNIE CHM.,Not available at this time.
CHG2314,A,Lecture 1,1,08:30,10:00,STE G0103,HEAT TRANSFER OPERATIONS,Boguslaw Kruczek
CHG2314,A,Lecture 2,4,10:00,11:30,STE G0103,HEAT TRANSFER OPERATIONS,Boguslaw Kruczek
CHG2314,A,Tutorial 1,1,17:30,19:00,MCD 146,HEAT TRANSFER OPERATIONS,Not available at this time.
CHG2714,A,Lecture 1,2,08:30,10:00,STE C0136,TRANSFERT DE CHALEUR,Olena Baranova
CHG2714,A,Lecture 2,5,10:00,11:30,STE C0136,TRANSFERT DE CHALEUR,Olena Baranova
CHG2714,A,Tutorial 1,1,19:00,20:30,CBY E015,TRANSFERT DE CHALEUR,Not available at this time.
CHG3111,A,Lecture 1,1,11:30,13:00,TBT 070,UNIT OPERATIONS,Kathlyn Kirkwood
CHG3111,A,Lecture 2,4,13:00,14:30,TBT 070,UNIT OPERATIONS,Kathlyn Kirkwood
CHG3111,A,Discussion Group 1,3,11:30,13:00,FTX 361,UNIT OPERATIONS,Not available at this time.
CHG3111,A,Discussion Group 2,3,11:30,13:00,MRT 211,UNIT OPERATIONS,Not available at this time.
CHG3112,A,Lecture 1,1,10:00,11:30,MNT 201,PROC SYNTHESIS, DESIGN &amp; ECON,F. Handan Tezel
CHG3112,A,Lecture 2,3,08:30,10:00,MNT 201,PROC SYNTHESIS, DESIGN &amp; ECON,F. Handan Tezel
CHG3112,A,Discussion Group 1,2,10:00,11:30,CBY B02,PROC SYNTHESIS, DESIGN &amp; ECON,Not available at this time.
CHG3112,A,Discussion Group 2,2,10:00,11:30,Consult the department,PROC SYNTHESIS, DESIGN &amp; ECON,Not available at this time.
CHG3122,A,Lecture 1,1,16:00,17:30,MRT 250,CHEMICAL ENGINEERING PRACTICE,Christopher Lan
CHG3122,A,Lecture 2,3,14:30,16:00,MRT 250,CHEMICAL ENGINEERING PRACTICE,Christopher Lan
CHG3122,A,Laboratory 1,1,14:30,16:00,CBY D415,CHEMICAL ENGINEERING PRACTICE,Not available at this time.
CHG3122,A,Laboratory 2,3,16:00,17:30,CBY D415,CHEMICAL ENGINEERING PRACTICE,Not available at this time.
CHG3122,A,Laboratory 3,5,11:30,14:30,CBY D415,CHEMICAL ENGINEERING PRACTICE,Not available at this time.
CHG3122,A,Laboratory 4,5,14:30,17:30,CBY D415,CHEMICAL ENGINEERING PRACTICE,Not available at this time.
CHG3127,A,Lecture 1,2,13:00,14:30,DMS 1110,CHEMICAL REACTION ENGINEERING,David Taylor
CHG3127,A,Lecture 2,4,11:30,13:00,DMS 1110,CHEMICAL REACTION ENGINEERING,David Taylor
CHG3127,A,Tutorial 1,3,10:00,11:30,FSS 1030,CHEMICAL REACTION ENGINEERING,Not available at this time.
CHG3326,A,Lecture 1,2,16:00,17:30,SCS E217,PRINC PHASE EQUIL CHEM REAC,Xudong Cao
CHG3326,A,Lecture 2,4,14:30,16:00,SCS E217,PRINC PHASE EQUIL CHEM REAC,Xudong Cao
CHG3326,A,Discussion Group 1,1,08:30,10:00,CBY D207,PRINC PHASE EQUIL CHEM REAC,Not available at this time.
CHG4244,A,Lecture 1,3,13:00,14:30,LPR 155,PLANT DESIGN PROJECT,Jules Thibault
CHG4244,A,Lecture 2,5,11:30,13:00,LPR 155,PLANT DESIGN PROJECT,Poupak Mehrani
CHG4244,A,Laboratory 1,1,08:30,14:30,CBY B02,PLANT DESIGN PROJECT,Not available at this time.
CHG4307,A,Lecture 1,2,10:00,11:30,SMD 224,CLEAN PROC &amp; SUSTAIN DEVELOP,Graham Creedy
CHG4307,A,Lecture 2,4,08:30,10:00,SMD 224,CLEAN PROC &amp; SUSTAIN DEVELOP,Graham Creedy
CHG4307,A,Discussion Group 1,3,16:00,17:30,STE A0150,CLEAN PROC &amp; SUSTAIN DEVELOP,Not available at this time.
CHG4359,A,Lecture 1,2,08:30,10:00,SMD 221,SELECTED TOPICS I,Poupak Mehrani
CHG4359,A,Lecture 2,5,13:00,14:30,CBY B012,SELECTED TOPICS I,Poupak Mehrani
CHG4360,A,Lecture 1,1,16:00,17:30,CBY B012,SELECTED TOPICS II,Benoit Lessard
CHG4360,A,Lecture 2,3,14:30,16:00,CBY B012,SELECTED TOPICS II,Benoit Lessard
CHG4361,B,Lecture 1,2,13:00,14:30,STE J0106,SELECTED TOPICS III,André Tremblay
CHG4361,B,Lecture 2,4,11:30,13:00,STE J0106,SELECTED TOPICS III,André Tremblay
CSI2101,A,Lecture 1,1,10:00,11:30,STE B0138,DISCRETE STRUCTURES,Nejib Zaguia
CSI2101,A,Lecture 2,3,08:30,10:00,STE B0138,DISCRETE STRUCTURES,Nejib Zaguia
CSI2101,A,Discussion Group 1,2,17:30,19:00,MNT 201,DISCRETE STRUCTURES,Not available at this time.
CSI2101,A,Discussion Group 2,2,17:30,19:00,FSS 1030,DISCRETE STRUCTURES,Not available at this time.
CSI2101,B,Lecture 1,1,10:00,11:30,LPR 155,DISCRETE STRUCTURES,Wonsook Lee
CSI2101,B,Lecture 2,3,08:30,10:00,LPR 155,DISCRETE STRUCTURES,Wonsook Lee
CSI2101,B,Discussion Group 1,2,17:30,19:00,FSS 1006,DISCRETE STRUCTURES,Not available at this time.
CSI2101,B,Discussion Group 2,2,17:30,19:00,LPR 155,DISCRETE STRUCTURES,Not available at this time.
CSI2120,A,Lecture 1,2,16:00,17:30,STE G0103,PROGRAMMING PARADIGMS,Jochen Lang
CSI2120,A,Lecture 2,4,14:30,16:00,STE G0103,PROGRAMMING PARADIGMS,Jochen Lang
CSI2120,A,Discussion Group 1,4,16:00,17:30,STE H0104,PROGRAMMING PARADIGMS,Not available at this time.
CSI2120,A,Discussion Group 2,4,16:00,17:30,TBT 333,PROGRAMMING PARADIGMS,Not available at this time.
CSI2120,A,Laboratory 1,2,13:00,14:30,STE 0131,PROGRAMMING PARADIGMS,Not available at this time.
CSI2120,A,Laboratory 2,2,13:00,14:30,STE 2060,PROGRAMMING PARADIGMS,Not available at this time.
CSI2120,A,Laboratory 3,2,13:00,14:30,STE 2052,PROGRAMMING PARADIGMS,Not available at this time.
CSI2120,A,Laboratory 4,4,10:00,11:30,STE 0130,PROGRAMMING PARADIGMS,Not available at this time.
CSI2132,A,Lecture 1,2,14:30,16:00,FSS 1030,DATABASES I,Herna Viktor
CSI2132,A,Lecture 2,5,16:00,17:30,FSS 1030,DATABASES I,Herna Viktor
CSI2132,A,Laboratory 1,1,16:00,17:30,STE 0130,DATABASES I,Not available at this time.
CSI2132,A,Laboratory 2,1,16:00,17:30,STE 0131,DATABASES I,Not available at this time.
CSI2132,A,Laboratory 3,1,17:30,19:00,STE 0130,DATABASES I,Not available at this time.
CSI2132,A,Tutorial 1,1,14:30,16:00,FSS 1030,DATABASES I,Not available at this time.
CSI2132,B,Lecture 1,2,11:30,13:00,LPR 155,DATABASES I,Herna Viktor
CSI2132,B,Lecture 2,5,13:00,14:30,LPR 155,DATABASES I,Herna Viktor
CSI2132,B,Laboratory 1,1,14:30,16:00,STE 0130,DATABASES I,Not available at this time.
CSI2132,B,Laboratory 2,1,14:30,16:00,STE 0131,DATABASES I,Not available at this time.
CSI2132,B,Laboratory 3,1,17:30,19:00,STE 2052,DATABASES I,Not available at this time.
CSI2132,B,Tutorial 1,1,16:00,17:30,MRT 212,DATABASES I,Not available at this time.
CSI2501,A,Lecture 1,2,08:30,10:00,STE F0126,STRUCTURES DISCRÈTES,Nejib Zaguia
CSI2501,A,Lecture 2,5,10:00,11:30,STE F0126,STRUCTURES DISCRÈTES,Nejib Zaguia
CSI2501,A,Tutorial 1,5,13:00,14:30,TBT 327,STRUCTURES DISCRÈTES,Not available at this time.
CSI2520,A,Lecture 1,2,14:30,16:00,CBY E015,PARADIGMES DE PROGRAMMATION,Jean-Lou De Carufel
CSI2520,A,Lecture 2,5,16:00,17:30,CBY E015,PARADIGMES DE PROGRAMMATION,Jean-Lou De Carufel
CSI2520,A,Laboratory 1,4,16:00,17:30,STE 0131,PARADIGMES DE PROGRAMMATION,Not available at this time.
CSI2520,A,Tutorial 1,4,14:30,16:00,FSS 4014,PARADIGMES DE PROGRAMMATION,Not available at this time.
CSI2532,A,Lecture 1,2,13:00,14:30,STE F0126,BASES DE DONNÉES I,Amal Zouaq
CSI2532,A,Lecture 2,4,11:30,13:00,STE F0126,BASES DE DONNÉES I,Amal Zouaq
CSI2532,A,Laboratory 1,1,16:00,17:30,STE 2060,BASES DE DONNÉES I,Not available at this time.
CSI2532,A,Tutorial 1,1,17:30,19:00,STE F0126,BASES DE DONNÉES I,Not available at this time.
CSI2911,D,Lecture 1,3,16:00,19:00,DMS 1120,PROF PRACTICE/PRATIQUE PROFES,Claude D'Amours
CSI2911,D,Tutorial 1,4,17:30,19:00,CBY B202,PROF PRACTICE/PRATIQUE PROFES,Not available at this time.
CSI2911,E,Lecture 1,3,16:00,19:00,CBY C03,PROF PRACTICE/PRATIQUE PROFES,Carlisle Adams
CSI2911,E,Tutorial 1,4,17:30,19:00,MRN 150,PROF PRACTICE/PRATIQUE PROFES,Not available at this time.
CSI2911,F,Lecture 1,3,16:00,19:00,MNT 207,PROF PRACTICE/PRATIQUE PROFES,Alexandre Lemieux
CSI2911,F,Tutorial 1,4,17:30,19:00,MNT 201,PROF PRACTICE/PRATIQUE PROFES,Not available at this time.
CSI3104,A,Lecture 1,1,11:30,13:00,MNT 103,INTRO. FORMAL LANGUAGES,Amy Felty
CSI3104,A,Lecture 2,4,13:00,14:30,MNT 103,INTRO. FORMAL LANGUAGES,Amy Felty
CSI3131,A,Lecture 1,4,14:30,16:00,LPR 155,OPERATING SYSTEMS,Sherif Aly Ahmed
CSI3131,A,Lecture 2,4,16:00,17:30,LPR 155,OPERATING SYSTEMS,Sherif Aly Ahmed
CSI3131,A,Laboratory 1,2,17:30,19:00,STE 0130,OPERATING SYSTEMS,Not available at this time.
CSI3131,A,Laboratory 2,2,17:30,19:00,STE 0131,OPERATING SYSTEMS,Not available at this time.
CSI3131,A,Tutorial 1,2,16:00,17:30,CBY B012,OPERATING SYSTEMS,Not available at this time.
CSI3140,A,Lecture 1,2,13:00,14:30,MNT 103,WWW STRUC. TECHN. &amp; STANDARDS,Thomas Tran
CSI3140,A,Lecture 2,4,11:30,13:00,MNT 103,WWW STRUC. TECHN. &amp; STANDARDS,Thomas Tran
CSI3140,A,Laboratory 1,1,16:00,17:30,STE 2052,WWW STRUC. TECHN. &amp; STANDARDS,Not available at this time.
CSI3140,A,Tutorial 1,1,17:30,19:00,LPR 155,WWW STRUC. TECHN. &amp; STANDARDS,Not available at this time.
CSI3504,A,Lecture 1,2,11:30,13:00,CBY B202,INTRODUCTION AUX LANGAGES,Amy Felty
CSI3504,A,Lecture 2,5,13:00,14:30,CBY B202,INTRODUCTION AUX LANGAGES,Amy Felty
CSI3531,A,Lecture 1,2,16:00,17:30,STE J0106,SYSTÈMES D'EXPLOITATION,Fadi Malek
CSI3531,A,Lecture 2,4,14:30,16:00,STE 2052,SYSTÈMES D'EXPLOITATION,Fadi Malek
CSI3531,A,Laboratory 1,1,14:30,16:00,STE 2052,SYSTÈMES D'EXPLOITATION,Not available at this time.
CSI3531,A,Tutorial 1,4,13:00,14:30,CBY B012,SYSTÈMES D'EXPLOITATION,Not available at this time.
CSI4103,A,Lecture 1,1,11:30,13:00,THN 124,TOPICS IN COMPUTER SCIENCE I,Tanya Schmah
CSI4103,A,Lecture 2,4,13:00,14:30,THN 124,TOPICS IN COMPUTER SCIENCE I,Tanya Schmah
CSI4105,A,Lecture 1,3,13:00,14:30,CBY B202,DES. ANALYSIS OF ALGORYTHMSII,Sylvia Boyd
CSI4105,A,Lecture 2,5,11:30,13:00,CBY B202,DES. ANALYSIS OF ALGORYTHMSII,Sylvia Boyd
CSI4107,A,Lecture 1,3,16:00,17:30,STE C0136,INFO. RETRIEVAL AND INTERNET,Diana Inkpen
CSI4107,A,Lecture 2,5,14:30,16:00,STE C0136,INFO. RETRIEVAL AND INTERNET,Diana Inkpen
CSI4130,A,Lecture 1,2,10:00,11:30,CBY B202,COMPUTER GRAPHICS,Jochen Lang
CSI4130,A,Lecture 2,4,08:30,10:00,CBY B202,COMPUTER GRAPHICS,Jochen Lang
CSI4130,A,Laboratory 1,2,11:30,13:00,STE 2052,COMPUTER GRAPHICS,Not available at this time.
CSI4133,A,Lecture 1,2,11:30,13:00,BRS 302,COMP.METH.IN PICT.PROCE.&amp; ANA.,Wonsook Lee
CSI4133,A,Lecture 2,5,13:00,14:30,BRS 302,COMP.METH.IN PICT.PROCE.&amp; ANA.,Wonsook Lee
CSI4133,A,Tutorial 1,2,14:30,16:00,STE J0106,COMP.METH.IN PICT.PROCE.&amp; ANA.,Not available at this time.
CSI4141,A,Lecture 1,1,13:00,14:30,MCD 121,REAL-TIME SYSTEMS DESIGN,Gilbert Arbez
CSI4141,A,Lecture 2,3,11:30,13:00,MCD 121,REAL-TIME SYSTEMS DESIGN,Gilbert Arbez
CSI4141,A,Laboratory 1,3,19:00,22:00,STE 2061,REAL-TIME SYSTEMS DESIGN,Not available at this time.
CSI4141,A,Tutorial 1,2,08:30,10:00,SMD 430,REAL-TIME SYSTEMS DESIGN,Not available at this time.
CSI4541,A,Lecture 1,1,08:30,10:00,CBY E016,CONCEPT.SYSTÈMES EN TEMPS RÉEL,Gilbert Arbez
CSI4541,A,Lecture 2,4,10:00,11:30,CBY E016,CONCEPT.SYSTÈMES EN TEMPS RÉEL,Gilbert Arbez
CSI4541,A,Laboratory 1,3,19:00,22:00,Consult the department,CONCEPT.SYSTÈMES EN TEMPS RÉEL,Not available at this time.
CSI4541,A,Tutorial 1,4,08:30,10:00,SMD 425,CONCEPT.SYSTÈMES EN TEMPS RÉEL,Not available at this time.
CSI4550,A,Lecture 1,1,14:30,16:00,TBT 0021,INTRO. MÉTH. OPTIMIS.,Jean-Lou De Carufel
CSI4550,A,Lecture 2,4,11:30,13:00,DMS 8143,INTRO. MÉTH. OPTIMIS.,Jean-Lou De Carufel
CVG1107,A,Lecture 1,4,08:30,11:30,CBY B02,CIVIL ENG. GRAPHICS &amp; SEMINARS,Andraos Skaff
CVG1107,A,Laboratory 1,3,16:00,17:30,CBY B02,CIVIL ENG. GRAPHICS &amp; SEMINARS,Not available at this time.
CVG1107,B,Lecture 1,3,19:00,22:00,CBY B02,CIVIL ENG. GRAPHICS &amp; SEMINARS,Andraos Skaff
CVG1107,B,Laboratory 1,4,16:00,17:30,CBY B02,CIVIL ENG. GRAPHICS &amp; SEMINARS,Not available at this time.
CVG1507,A,Lecture 1,5,17:30,20:30,CBY B02,DESSIN INDUSTRIEL &amp; SÉMINAIRES,Jules-Ange Infante
CVG1507,A,Laboratory 1,3,16:00,17:30,LEE A130,DESSIN INDUSTRIEL &amp; SÉMINAIRES,Not available at this time.
CVG2107,A,Lecture 1,2,13:00,14:30,HGN 302,GEOTECH MATERIAL AND PROCESSES,Rozalina Dimitrova
CVG2107,A,Lecture 2,4,11:30,13:00,HGN 302,GEOTECH MATERIAL AND PROCESSES,Rozalina Dimitrova
CVG2107,A,Laboratory 1,1,10:00,13:00,CBY D113,GEOTECH MATERIAL AND PROCESSES,Not available at this time.
CVG2107,A,Laboratory 2,3,13:00,16:00,CBY D113,GEOTECH MATERIAL AND PROCESSES,Not available at this time.
CVG2107,A,Laboratory 3,5,14:30,17:30,CBY D113,GEOTECH MATERIAL AND PROCESSES,Not available at this time.
CVG2116,A,Lecture 1,2,08:30,10:00,FSS 1007,INTRO TO FLUID MECHANICS,Christopher Lane
CVG2116,A,Lecture 2,5,10:00,11:30,FSS 1007,INTRO TO FLUID MECHANICS,Christopher Lane
CVG2116,A,Laboratory 1,2,14:30,17:30,CBY E02,INTRO TO FLUID MECHANICS,Not available at this time.
CVG2116,A,Laboratory 2,3,08:30,11:30,CBY E02,INTRO TO FLUID MECHANICS,Not available at this time.
CVG2116,A,Tutorial 1,2,17:30,19:00,DMS 1140,INTRO TO FLUID MECHANICS,Not available at this time.
CVG2140,A,Lecture 1,2,11:30,13:00,STE B0138,MECHANICS OF MATERIALS I,Beatriz Martin-Perez
CVG2140,A,Lecture 2,5,13:00,14:30,STE B0138,MECHANICS OF MATERIALS I,Beatriz Martin-Perez
CVG2140,A,Discussion Group 1,1,13:00,14:30,LEE B163,MECHANICS OF MATERIALS I,Not available at this time.
CVG2140,A,Discussion Group 2,3,11:30,13:00,UCU 205,MECHANICS OF MATERIALS I,Not available at this time.
CVG2140,A,Discussion Group 3,5,11:30,13:00,LMX 390,MECHANICS OF MATERIALS I,Not available at this time.
CVG2140,B,Lecture 1,2,11:30,13:00,ART 257,MECHANICS OF MATERIALS I,Leandro Sanchez
CVG2140,B,Lecture 2,5,13:00,14:30,ART 257,MECHANICS OF MATERIALS I,Not available at this time.
CVG2140,B,Discussion Group 1,1,13:00,14:30,LMX 407,MECHANICS OF MATERIALS I,Not available at this time.
CVG2140,B,Discussion Group 2,3,11:30,13:00,LEE B163,MECHANICS OF MATERIALS I,Not available at this time.
CVG2140,B,Discussion Group 3,5,11:30,13:00,STE J0106,MECHANICS OF MATERIALS I,Not available at this time.
CVG2171,A,Lecture 1,2,10:00,11:30,STE A0150,SURVEYING &amp; MEASUREMENTS,Andraos Skaff
CVG2171,A,Lecture 2,4,08:30,10:00,STE A0150,SURVEYING &amp; MEASUREMENTS,Andraos Skaff
CVG2171,A,Discussion Group 1,1,16:00,17:30,CBY D103,SURVEYING &amp; MEASUREMENTS,Not available at this time.
CVG2171,A,Discussion Group 2,1,16:00,17:30,LMX 106,SURVEYING &amp; MEASUREMENTS,Not available at this time.
CVG2171,A,Discussion Group 3,1,16:00,17:30,SMD 423,SURVEYING &amp; MEASUREMENTS,Not available at this time.
CVG2181,A,Lecture 1,1,08:30,10:00,STE A0150,NUM. MODELLING CIVIL ENG.,Hamidreza Shirkhani
CVG2181,A,Lecture 2,4,10:00,11:30,STE A0150,NUM. MODELLING CIVIL ENG.,Hamidreza Shirkhani
CVG2181,A,Laboratory 1,1,10:30,12:30,STE 0130,NUM. MODELLING CIVIL ENG.,Not available at this time.
CVG2181,A,Laboratory 2,4,14:30,16:30,STE 0130,NUM. MODELLING CIVIL ENG.,Not available at this time.
CVG2181,A,Laboratory 3,1,10:30,12:30,STE 0131,NUM. MODELLING CIVIL ENG.,Not available at this time.
CVG2181,A,Laboratory 4,5,14:30,16:30,STE 0130,NUM. MODELLING CIVIL ENG.,Not available at this time.
CVG2507,A,Lecture 1,2,13:00,14:30,STE C0136,MATÉRIAUX &amp; PROCESSUS GÉOTECH.,Moussa Thiam
CVG2507,A,Lecture 2,4,11:30,13:00,STE C0136,MATÉRIAUX &amp; PROCESSUS GÉOTECH.,Moussa Thiam
CVG2507,A,Laboratory 1,2,10:00,13:00,CBY D113,MATÉRIAUX &amp; PROCESSUS GÉOTECH.,Not available at this time.
CVG2507,A,Laboratory 2,1,13:00,16:00,CBY D113,MATÉRIAUX &amp; PROCESSUS GÉOTECH.,Not available at this time.
CVG2516,A,Lecture 1,2,08:30,10:00,MCD 120,MÉCANIQUE ÉLÉMENTAIRE FLUIDES,Alexandre Mineault-Guitard
CVG2516,A,Lecture 2,5,10:00,11:30,MCD 120,MÉCANIQUE ÉLÉMENTAIRE FLUIDES,Alexandre Mineault-Guitard
CVG2516,A,Laboratory 1,5,08:00,10:00,CBY E02,MÉCANIQUE ÉLÉMENTAIRE FLUIDES,Not available at this time.
CVG2516,A,Tutorial 1,2,14:30,16:30,LEE B152,MÉCANIQUE ÉLÉMENTAIRE FLUIDES,Not available at this time.
CVG2540,A,Course has on-line/classroom activities 1,4,13:00,16:00,LEE A130,MÉCANIQUE DES MATÉRIAUX I,Hassan Aoude
CVG2540,A,Laboratory 1,5,15:30,17:30,CBY E07,MÉCANIQUE DES MATÉRIAUX I,Not available at this time.
CVG2571,A,Lecture 1,3,19:00,22:00,MCD 120,MESURES ET ARPENTAGE,Jules-Ange Infante
CVG2571,A,Tutorial 1,3,10:00,11:00,LPR 285,MESURES ET ARPENTAGE,Not available at this time.
CVG2581,A,Lecture 1,1,16:00,17:30,SMD 222,MÉTH. NUMÉRIQUES GÉNIE CIVIL,Mohammed Mestar
CVG2581,A,Lecture 2,3,14:30,16:00,SMD 222,MÉTH. NUMÉRIQUES GÉNIE CIVIL,Mohammed Mestar
CVG2581,A,Laboratory 1,3,08:00,10:00,CBY B02,MÉTH. NUMÉRIQUES GÉNIE CIVIL,Not available at this time.
CVG3106,A,Lecture 1,3,13:00,14:30,STE A0150,SOIL MECHANICS II,Rozalina Dimitrova
CVG3106,A,Lecture 2,5,11:30,13:00,STE A0150,SOIL MECHANICS II,Rozalina Dimitrova
CVG3106,A,Discussion Group 1,1,10:00,11:30,DMS 1150,SOIL MECHANICS II,Not available at this time.
CVG3106,A,Discussion Group 2,1,10:00,11:30,MCD 146,SOIL MECHANICS II,Not available at this time.
CVG3132,A,Lecture 1,1,14:30,16:00,LEE A130,Physical / Chemical Unit Opera,Majid Sartaj
CVG3132,A,Lecture 2,5,10:00,11:30,HGN 302,Physical / Chemical Unit Opera,Majid Sartaj
CVG3132,A,Laboratory 1,2,16:00,18:30,CBY D113,Physical / Chemical Unit Opera,Not available at this time.
CVG3132,A,Laboratory 2,4,14:30,17:00,CBY D113,Physical / Chemical Unit Opera,Not available at this time.
CVG3132,A,Laboratory 3,3,09:00,11:30,CBY D113,Physical / Chemical Unit Opera,Not available at this time.
CVG3132,A,Tutorial 1,2,08:30,10:00,HGN 302,Physical / Chemical Unit Opera,Not available at this time.
CVG3147,A,Lecture 1,2,11:30,13:00,STE A0150,STRUCTURAL STEEL DESIGN I,Alaa Abdulridha
CVG3147,A,Lecture 2,5,13:00,14:30,STE A0150,STRUCTURAL STEEL DESIGN I,Alaa Abdulridha
CVG3147,A,Tutorial 1,4,10:00,11:30,LEE A130,STRUCTURAL STEEL DESIGN I,Not available at this time.
CVG3148,A,Lecture 1,1,16:00,17:30,STE A0150,REINFORCED CONCRETE DESIGN I,Hassan Aoude
CVG3148,A,Lecture 2,3,14:30,16:00,STE A0150,REINFORCED CONCRETE DESIGN I,Hassan Aoude
CVG3148,A,Laboratory 1,3,08:00,10:00,CBY E05,REINFORCED CONCRETE DESIGN I,Not available at this time.
CVG3148,A,Laboratory 2,5,08:00,10:00,CBY E05,REINFORCED CONCRETE DESIGN I,Not available at this time.
CVG3547,A,Lecture 1,2,11:30,13:00,CBY E016,CONCEPTION STRUCTURES ACIER I,Magdi Mohareb
CVG3547,A,Lecture 2,5,13:00,14:30,CBY E016,CONCEPTION STRUCTURES ACIER I,Magdi Mohareb
CVG3547,A,Tutorial 1,4,13:00,14:30,FSS 6032,CONCEPTION STRUCTURES ACIER I,Not available at this time.
CVG4001,W,Lecture 1,2,16:00,17:30,CBY D103,INTRO PROJ ENG GENIE CIVIL,Rozalina Dimitrova
CVG4001,W,Lecture 2,4,14:30,16:00,CBY D103,INTRO PROJ ENG GENIE CIVIL,Rozalina Dimitrova
CVG4001,W,Tutorial 1,4,16:00,17:30,STE F0126,INTRO PROJ ENG GENIE CIVIL,Not available at this time.
CVG4113,A,Lecture 1,2,11:30,13:00,STE C0136,HYDRAULICS WATER SPY SEWER SYS,Ousmane Seidou
CVG4113,A,Lecture 2,5,13:00,14:30,STE C0136,HYDRAULICS WATER SPY SEWER SYS,Ousmane Seidou
CVG4122,A,Lecture 1,1,11:30,13:00,STE 2060,GROUNDWATER AND SEEPAGE,Abdolmajid Mohammadian
CVG4122,A,Lecture 2,4,13:00,14:30,STE 2060,GROUNDWATER AND SEEPAGE,Abdolmajid Mohammadian
CVG4130,A,Lecture 1,1,16:00,17:30,SMD 427,ADVANCED ENVIRONMENTAL ENGIN.,Bahman Banihashemi
CVG4130,A,Lecture 2,3,14:30,16:00,SMD 427,ADVANCED ENVIRONMENTAL ENGIN.,Bahman Banihashemi
CVG4130,A,Tutorial 1,2,14:30,16:00,STE C0136,ADVANCED ENVIRONMENTAL ENGIN.,Not available at this time.
CVG4143,B,Lecture 1,1,10:00,11:30,CBY D103,STRUCTURAL STEEL DESIGN II,Magdi Mohareb
CVG4143,B,Lecture 2,3,08:30,10:00,CBY D103,STRUCTURAL STEEL DESIGN II,Magdi Mohareb
CVG4145,A,Lecture 1,3,13:00,14:30,CBY B205,REINFORCED CONCRETE DESIGN II,Martin Noël
CVG4145,A,Lecture 2,5,11:30,13:00,CBY B205,REINFORCED CONCRETE DESIGN II,Martin Noël
CVG4145,A,Tutorial 1,3,11:30,13:00,MCD 146,REINFORCED CONCRETE DESIGN II,Not available at this time.
CVG4146,A,Lecture 1,2,19:00,22:00,FSS 1030,STRUCTURAL DESIGN IN TIMBER,Ghasan Doudak
CVG4146,A,Tutorial 1,5,14:30,16:00,LEE A131,STRUCTURAL DESIGN IN TIMBER,Not available at this time.
CVG4184,A,Lecture 1,1,14:30,16:00,SMD 425,TOPICS IN GEOTECHNICAL ENG.,Sai Vanapalli
CVG4184,A,Lecture 2,3,10:00,11:30,SMD 425,TOPICS IN GEOTECHNICAL ENG.,Sai Vanapalli
CVG4907,W,Lecture 1,4,16:00,19:00,LEE A131,PROJET CONCEPT/DESIGN PROJECT,Rozalina Dimitrova
ELG2136,A,Lecture 1,1,11:30,13:00,MCD 146,ELECTRONICS I,Emad Gad
ELG2136,A,Lecture 2,4,13:00,14:30,MCD 146,ELECTRONICS I,Emad Gad
ELG2136,A,Laboratory 1,5,11:30,14:30,CBY B302,ELECTRONICS I,Not available at this time.
ELG2136,A,Tutorial 1,1,16:00,17:30,FTX 227,ELECTRONICS I,Not available at this time.
ELG2136,B,Lecture 1,2,11:30,13:00,FTX 351,ELECTRONICS I,Emad Gad
ELG2136,B,Lecture 2,5,13:00,14:30,FSS 1006,ELECTRONICS I,Emad Gad
ELG2136,B,Laboratory 1,1,14:30,17:30,CBY B302,ELECTRONICS I,Not available at this time.
ELG2136,B,Tutorial 1,5,17:30,19:00,CBY B205,ELECTRONICS I,Not available at this time.
ELG2137,A,Lecture 1,2,10:00,11:30,STE H0104,CIRCUIT THEORY II,Sawsan Abdul-Majid
ELG2137,A,Lecture 2,4,08:30,10:00,STE H0104,CIRCUIT THEORY II,Sawsan Abdul-Majid
ELG2137,A,Discussion Group 1,3,14:30,16:00,STE J0106,CIRCUIT THEORY II,Not available at this time.
ELG2137,A,Discussion Group 2,3,14:30,16:00,SMD 428,CIRCUIT THEORY II,Not available at this time.
ELG2137,A,Discussion Group 3,3,14:30,16:00,THN 124,CIRCUIT THEORY II,Not available at this time.
ELG2137,A,Laboratory 1,3,11:30,14:30,CBY B302,CIRCUIT THEORY II,Not available at this time.
ELG2137,A,Laboratory 2,1,08:30,11:30,CBY B302,CIRCUIT THEORY II,Not available at this time.
ELG2336,A,Lecture 1,2,13:00,14:30,STE B0138,ELEC. CIR. &amp; MACH. MECHA. ENG.,Riadh Habash
ELG2336,A,Lecture 2,4,11:30,13:00,STE B0138,ELEC. CIR. &amp; MACH. MECHA. ENG.,Riadh Habash
ELG2336,A,Laboratory 1,1,11:30,12:30,CBY B302,ELEC. CIR. &amp; MACH. MECHA. ENG.,Not available at this time.
ELG2336,A,Laboratory 2,1,13:00,14:00,CBY B302,ELEC. CIR. &amp; MACH. MECHA. ENG.,Not available at this time.
ELG2536,A,Lecture 1,1,11:30,13:00,STE J0106,ÉLECTRONIQUE I,Ali Karime
ELG2536,A,Lecture 2,4,13:00,14:30,STE J0106,ÉLECTRONIQUE I,Ali Karime
ELG2536,A,Laboratory 1,2,11:30,14:30,CBY B302,ÉLECTRONIQUE I,Not available at this time.
ELG2536,A,Tutorial 1,5,08:30,10:00,TBT 315,ÉLECTRONIQUE I,Not available at this time.
ELG2537,A,Lecture 1,1,14:30,16:00,CBY D103,THÉORIE DES CIRCUITS II,Hilmi Dajani
ELG2537,A,Lecture 2,3,10:00,11:30,CBY D103,THÉORIE DES CIRCUITS II,Hilmi Dajani
ELG2537,A,Laboratory 1,1,17:30,20:30,CBY B302,THÉORIE DES CIRCUITS II,Not available at this time.
ELG2537,A,Tutorial 1,3,13:00,14:30,CBY E015,THÉORIE DES CIRCUITS II,Not available at this time.
ELG2736,A,Lecture 1,1,08:30,10:00,CBY B012,CIR. &amp; MACH. ÉLEC POUR ING.MÉC,Mahmoud Youssef
ELG2736,A,Lecture 2,4,10:00,11:30,CBY B012,CIR. &amp; MACH. ÉLEC POUR ING.MÉC,Mahmoud Youssef
ELG2736,A,Laboratory 1,3,10:30,11:30,CBY B302,CIR. &amp; MACH. ÉLEC POUR ING.MÉC,Not available at this time.
ELG2911,D,Lecture 1,3,16:00,19:00,DMS 1120,PRATIQUE PROFES PRACTICE,Claude D'Amours
ELG2911,D,Tutorial 1,4,17:30,19:00,LPR 154,PRATIQUE PROFES PRACTICE,Not available at this time.
ELG2911,E,Lecture 1,3,16:00,19:00,CBY C03,PRATIQUE PROFES PRACTICE,Carlisle Adams
ELG2911,E,Tutorial 1,4,17:30,19:00,MRT 218,PRATIQUE PROFES PRACTICE,Not available at this time.
ELG2911,F,Lecture 1,3,16:00,19:00,MNT 207,PRATIQUE PROFES PRACTICE,Alexandre Lemieux
ELG2911,F,Tutorial 1,4,17:30,19:00,STE F0126,PRATIQUE PROFES PRACTICE,Not available at this time.
ELG3126,A,Lecture 1,1,13:00,14:30,LMX 220,RANDOM SIGNALS AND SYSTEMS,Peter Galko
ELG3126,A,Lecture 2,3,11:30,13:00,LMX 220,RANDOM SIGNALS AND SYSTEMS,Peter Galko
ELG3126,A,Tutorial 1,4,11:30,13:00,TBT 0021,RANDOM SIGNALS AND SYSTEMS,Not available at this time.
ELG3155,A,Lecture 1,1,11:30,13:00,MRT 250,INTRO. TO CONTROL SYSTEMS,Wail Gueaieb
ELG3155,A,Lecture 2,4,13:00,14:30,MRT 250,INTRO. TO CONTROL SYSTEMS,Wail Gueaieb
ELG3155,A,Laboratory 1,1,14:30,17:30,CBY B402,INTRO. TO CONTROL SYSTEMS,Not available at this time.
ELG3155,A,Tutorial 1,4,10:00,11:30,VNR 2075,INTRO. TO CONTROL SYSTEMS,Not available at this time.
ELG3175,A,Lecture 1,3,13:00,14:30,MRT 015,INTRO.TO COMMUNICATION SYSTEMS,Siarhei Loika
ELG3175,A,Lecture 2,5,11:30,13:00,MRT 015,INTRO.TO COMMUNICATION SYSTEMS,Siarhei Loika
ELG3175,A,Laboratory 1,1,08:30,11:30,CBY B519,INTRO.TO COMMUNICATION SYSTEMS,Not available at this time.
ELG3175,A,Tutorial 1,2,08:30,10:00,CBY D103,INTRO.TO COMMUNICATION SYSTEMS,Not available at this time.
ELG3526,A,Lecture 1,1,13:00,14:30,CBY B202,SIGNAUX ET SYSTÈMES ALÉATOIRES,Abdellah Chehri
ELG3526,A,Lecture 2,3,11:30,13:00,CBY B202,SIGNAUX ET SYSTÈMES ALÉATOIRES,Abdellah Chehri
ELG3526,A,Tutorial 1,4,11:30,13:00,FTX 315,SIGNAUX ET SYSTÈMES ALÉATOIRES,Not available at this time.
ELG3555,A,Lecture 1,2,14:30,16:00,CBY D103,INTRO. SYST. D'ASSERVISSEMENT,Wail Gueaieb
ELG3555,A,Lecture 2,4,16:00,17:30,CBY D103,INTRO. SYST. D'ASSERVISSEMENT,Wail Gueaieb
ELG3555,A,Laboratory 1,5,14:30,17:30,CBY B402,INTRO. SYST. D'ASSERVISSEMENT,Not available at this time.
ELG3555,A,Tutorial 1,5,10:00,11:30,STE 0130,INTRO. SYST. D'ASSERVISSEMENT,Not available at this time.
ELG3575,A,Lecture 1,1,08:30,10:00,DMS 9143,INTRO. SYSTEMES TELECOMMUNICA.,Claude D'Amours
ELG3575,A,Lecture 2,4,10:00,11:30,VNR 3076,INTRO. SYSTEMES TELECOMMUNICA.,Claude D'Amours
ELG3575,A,Laboratory 1,1,14:30,17:30,CBY B519,INTRO. SYSTEMES TELECOMMUNICA.,Not available at this time.
ELG3575,A,Tutorial 1,2,08:30,10:00,VNR 5040,INTRO. SYSTEMES TELECOMMUNICA.,Not available at this time.
ELG4115,A,Lecture 1,2,11:30,13:00,VNR 5040,MICROWAVE CIRCUITS,Pierre Berini
ELG4115,A,Lecture 2,5,13:00,14:30,VNR 5040,MICROWAVE CIRCUITS,Pierre Berini
ELG4115,A,Laboratory 1,4,10:00,13:00,CBY B519,MICROWAVE CIRCUITS,Not available at this time.
ELG4115,A,Laboratory 2,2,17:30,20:30,CBY B519,MICROWAVE CIRCUITS,Not available at this time.
ELG4115,A,Tutorial 1,3,08:30,10:00,KED B015,MICROWAVE CIRCUITS,Not available at this time.
ELG4118,A,Lecture 1,2,10:00,11:30,KED B015,WAVE PROPAGATION AND ANTENNAS,Derek McNamara
ELG4118,A,Lecture 2,4,08:30,10:00,KED B015,WAVE PROPAGATION AND ANTENNAS,Derek McNamara
ELG4118,A,Laboratory 1,1,14:30,17:30,CBY B520,WAVE PROPAGATION AND ANTENNAS,Not available at this time.
ELG4118,A,Tutorial 1,1,08:30,10:00,CBY B202,WAVE PROPAGATION AND ANTENNAS,Not available at this time.
ELG4126,A,Lecture 1,3,10:00,11:30,KED B015,SUST.ELECTRICAL POWER SYSTEM,Henry Schriemer
ELG4126,A,Lecture 2,5,08:30,10:00,KED B015,SUST.ELECTRICAL POWER SYSTEM,Henry Schriemer
ELG4126,A,Laboratory 1,3,13:00,14:30,CBY B402,SUST.ELECTRICAL POWER SYSTEM,Not available at this time.
ELG4126,A,Tutorial 1,1,16:00,17:30,CBY E015,SUST.ELECTRICAL POWER SYSTEM,Not available at this time.
ELG4137,A,Lecture 1,1,13:00,14:30,STE J0106,PRINC. &amp; APPLIC. VLSI DESIGN,Tet Yeap
ELG4137,A,Lecture 2,3,11:30,13:00,STE J0106,PRINC. &amp; APPLIC. VLSI DESIGN,Tet Yeap
ELG4137,A,Laboratory 1,3,17:30,20:30,STE 0131,PRINC. &amp; APPLIC. VLSI DESIGN,Not available at this time.
ELG4137,A,Tutorial 1,2,13:00,14:30,CBY B02,PRINC. &amp; APPLIC. VLSI DESIGN,Not available at this time.
ELG4157,A,Lecture 1,2,19:00,22:00,LPR 155,MODERN CONTROL ENGINEERING,Riadh Habash
ELG4157,A,Laboratory 1,5,11:30,14:30,CBY B402,MODERN CONTROL ENGINEERING,Not available at this time.
ELG4157,A,Tutorial 1,5,16:00,17:30,STE A0150,MODERN CONTROL ENGINEERING,Not available at this time.
ELG4159,A,Lecture 1,3,16:00,17:30,LPR 154,INTEGRATED CONTROL SYSTEMS,Wail Gueaieb
ELG4159,A,Lecture 2,5,14:30,16:00,LPR 154,INTEGRATED CONTROL SYSTEMS,Wail Gueaieb
ELG4159,A,Laboratory 1,1,17:30,20:30,STE 2061,INTEGRATED CONTROL SYSTEMS,Not available at this time.
ELG4159,A,Tutorial 1,3,14:30,16:00,LMX 390,INTEGRATED CONTROL SYSTEMS,Not available at this time.
ELG4177,A,Lecture 1,2,16:00,17:30,STE F0126,DIGITAL SIGNAL PROCESSING,Nicolas Nasri Ellaham
ELG4177,A,Lecture 2,4,14:30,16:00,STE F0126,DIGITAL SIGNAL PROCESSING,Nicolas Nasri Ellaham
ELG4177,A,Laboratory 1,3,10:00,11:30,STE 2060,DIGITAL SIGNAL PROCESSING,Not available at this time.
ELG4177,A,Tutorial 1,2,08:30,10:00,LPR 285,DIGITAL SIGNAL PROCESSING,Not available at this time.
ELG4178,A,Lecture 1,3,16:00,17:30,STE J0106,OPTICAL COMMUNIC. &amp; NETWORKING,Pierre Berini
ELG4178,A,Lecture 2,5,14:30,16:00,STE J0106,OPTICAL COMMUNIC. &amp; NETWORKING,Pierre Berini
ELG4178,A,Laboratory 1,3,17:30,20:30,CBY B302A,OPTICAL COMMUNIC. &amp; NETWORKING,Not available at this time.
ELG4178,A,Tutorial 1,2,13:00,14:30,FSS 11003,OPTICAL COMMUNIC. &amp; NETWORKING,Not available at this time.
ELG4912,B,Lecture 1,2,14:30,16:00,STE F0126,PROJET ELG I~~ ELG PROJECT I,Tet Yeap
ELG4912,B,Laboratory 1,1,10:00,13:00,STE 2052,PROJET ELG I~~ ELG PROJECT I,Not available at this time.
ELG4912,B,Laboratory 2,4,16:00,19:00,STE 2060,PROJET ELG I~~ ELG PROJECT I,Not available at this time.
ELG4913,B,Lecture 1,2,14:30,16:00,MRT 015,PROJET ELG II~~ELGPROJECT II,Emil Petriu
ELG4913,B,Laboratory 1,1,10:00,13:00,STE 2061,PROJET ELG II~~ELGPROJECT II,Not available at this time.
ELG4913,B,Laboratory 2,4,16:00,19:00,STE 2061,PROJET ELG II~~ELGPROJECT II,Not available at this time.
GNG1105,F,Lecture 1,5,17:30,20:30,STE B0138,ENGINEERING MECHANICS,Yannick Cormier
GNG1105,F,Discussion Group 1,4,14:30,16:00,MRT 219,ENGINEERING MECHANICS,Not available at this time.
GNG1105,F,Discussion Group 2,5,11:30,13:00,HGN 305,ENGINEERING MECHANICS,Not available at this time.
GNG1105,G,Lecture 1,5,16:00,19:00,MNT 201,ENGINEERING MECHANICS,Patrick Richer
GNG1105,G,Discussion Group 1,4,14:30,16:00,TBT 317,ENGINEERING MECHANICS,Not available at this time.
GNG1105,G,Discussion Group 2,5,11:30,13:00,LMX 407,ENGINEERING MECHANICS,Not available at this time.
GNG1106,D,Lecture 1,2,10:00,11:30,MCD 146,ENGINEERING COMPUTATION,Gilbert Arbez
GNG1106,D,Lecture 2,4,08:30,10:00,MCD 146,ENGINEERING COMPUTATION,Gilbert Arbez
GNG1106,D,Laboratory 1,2,19:00,22:00,STE 2060,ENGINEERING COMPUTATION,Not available at this time.
GNG1106,D,Laboratory 2,4,11:30,14:30,STE 0130,ENGINEERING COMPUTATION,Not available at this time.
GNG1106,D,Laboratory 3,6,13:00,16:00,STE 0130,ENGINEERING COMPUTATION,Not available at this time.
GNG1106,D,Laboratory 4,4,11:30,14:30,STE 0131,ENGINEERING COMPUTATION,Not available at this time.
GNG1106,D,Laboratory 5,4,11:30,14:30,STE 2052,ENGINEERING COMPUTATION,Not available at this time.
GNG1106,D,Laboratory 6,1,08:30,11:30,Not available at this time.,ENGINEERING COMPUTATION,Not available at this time.
GNG1505,C,Lecture 1,1,19:00,22:00,STE C0136,MÉCANIQUE POUR INGÉNIEURS,Philippe Girault
GNG1505,C,Tutorial 1,2,11:30,13:00,LMX 390,MÉCANIQUE POUR INGÉNIEURS,Not available at this time.
GNG4170,A,Lecture 1,3,19:00,22:00,LEE A131,ENGINEERING LAW,Cameron Tiesma
GNG4170,B,Lecture 1,5,08:30,11:30,STE B0138,ENGINEERING LAW,Cameron Tiesma
GNG4570,,Lecture 1,3,16:00,19:00,CBY B012,DROIT POUR LES INGÉNIEURS,Paula Sauveur
ITI1100,A,Lecture 1,2,13:00,14:30,MCD 146,DIGITAL SYSTEMS I,Qi Hao
ITI1100,A,Lecture 2,4,11:30,13:00,MCD 146,DIGITAL SYSTEMS I,Qi Hao
ITI1100,A,Discussion Group 1,4,17:30,19:00,MRT 211,DIGITAL SYSTEMS I,Not available at this time.
ITI1100,A,Discussion Group 2,3,11:30,13:00,FTX 359,DIGITAL SYSTEMS I,Not available at this time.
ITI1100,A,Discussion Group 3,4,17:30,19:00,FSS 1006,DIGITAL SYSTEMS I,Not available at this time.
ITI1100,A,Laboratory 1,4,19:00,22:00,CBY B302,DIGITAL SYSTEMS I,Not available at this time.
ITI1100,A,Laboratory 2,3,14:30,17:30,CBY B302,DIGITAL SYSTEMS I,Not available at this time.
ITI1100,B,Lecture 1,2,14:30,16:00,STE B0138,DIGITAL SYSTEMS I,Qi Hao
ITI1100,B,Lecture 2,5,16:00,17:30,STE B0138,DIGITAL SYSTEMS I,Qi Hao
ITI1100,B,Discussion Group 1,4,17:30,19:00,STE C0136,DIGITAL SYSTEMS I,Not available at this time.
ITI1100,B,Discussion Group 2,3,11:30,13:00,LPR 285,DIGITAL SYSTEMS I,Not available at this time.
ITI1100,B,Discussion Group 3,4,17:30,19:00,UCU 205,DIGITAL SYSTEMS I,Not available at this time.
ITI1100,B,Discussion Group 4,2,08:30,10:00,STE J0106,DIGITAL SYSTEMS I,Not available at this time.
ITI1100,B,Laboratory 1,2,19:00,22:00,CBY B302,DIGITAL SYSTEMS I,Not available at this time.
ITI1100,B,Laboratory 2,3,19:00,22:00,CBY B302,DIGITAL SYSTEMS I,Not available at this time.
ITI1100,C,Lecture 1,2,13:00,14:30,STE H0104,DIGITAL SYSTEMS I,Ahmed Karmouch
ITI1100,C,Lecture 2,4,11:30,13:00,STE H0104,DIGITAL SYSTEMS I,Ahmed Karmouch
ITI1100,C,Discussion Group 1,4,17:30,19:00,TBT 070,DIGITAL SYSTEMS I,Not available at this time.
ITI1100,C,Discussion Group 2,4,14:30,16:00,CBY D207,DIGITAL SYSTEMS I,Not available at this time.
ITI1100,C,Laboratory 1,2,14:30,17:30,CBY B302,DIGITAL SYSTEMS I,Not available at this time.
ITI1100,C,Laboratory 2,5,08:30,11:30,CBY B302,DIGITAL SYSTEMS I,Not available at this time.
ITI1100,D,Lecture 1,2,14:30,16:00,LEE A131,DIGITAL SYSTEMS I,Aziz Abdesselam
ITI1100,D,Lecture 2,5,16:00,17:30,TBT 333,DIGITAL SYSTEMS I,Aziz Abdesselam
ITI1100,D,Discussion Group 1,2,08:30,10:00,SCS E218,DIGITAL SYSTEMS I,Not available at this time.
ITI1100,D,Discussion Group 2,2,19:00,20:30,STE C0136,DIGITAL SYSTEMS I,Not available at this time.
ITI1100,D,Discussion Group 3,3,19:00,20:30,STE C0136,DIGITAL SYSTEMS I,Not available at this time.
ITI1100,D,Laboratory 1,2,08:30,11:30,CBY B302,DIGITAL SYSTEMS I,Not available at this time.
ITI1100,D,Laboratory 2,5,17:30,20:30,CBY B302,DIGITAL SYSTEMS I,Not available at this time.
ITI1120,D,Lecture 1,1,13:00,14:30,STE G0103,INTRODUCTION TO COMPUTING I,Sherif Aly Ahmed
ITI1120,D,Lecture 2,3,11:30,13:00,STE G0103,INTRODUCTION TO COMPUTING I,Sherif Aly Ahmed
ITI1120,D,Laboratory 1,2,14:30,17:30,STE 0130,INTRODUCTION TO COMPUTING I,Not available at this time.
ITI1120,D,Laboratory 2,3,14:30,17:30,STE 0130,INTRODUCTION TO COMPUTING I,Not available at this time.
ITI1120,D,Laboratory 3,5,17:30,20:30,STE 0130,INTRODUCTION TO COMPUTING I,Not available at this time.
ITI1120,D,Laboratory 4,5,17:30,20:30,STE 2052,INTRODUCTION TO COMPUTING I,Not available at this time.
ITI1121,A,Lecture 1,1,16:00,17:30,STE B0138,INTRODUCTION TO COMPUTING II,Nour El-Kadri
ITI1121,A,Lecture 2,3,14:30,16:00,STE B0138,INTRODUCTION TO COMPUTING II,Nour El-Kadri
ITI1121,A,Laboratory 1,6,09:00,12:00,STE 2060,INTRODUCTION TO COMPUTING II,Not available at this time.
ITI1121,A,Laboratory 2,1,19:00,22:00,STE 0131,INTRODUCTION TO COMPUTING II,Not available at this time.
ITI1121,A,Laboratory 3,5,11:30,14:30,STE 2060,INTRODUCTION TO COMPUTING II,Not available at this time.
ITI1121,A,Laboratory 4,5,11:30,14:30,STE 0130,INTRODUCTION TO COMPUTING II,Not available at this time.
ITI1121,A,Laboratory 5,3,19:00,22:00,STE 0130,INTRODUCTION TO COMPUTING II,Not available at this time.
ITI1121,B,Lecture 1,3,16:00,17:30,STE H0104,INTRODUCTION TO COMPUTING II,Guy-Vincent Jourdan
ITI1121,B,Lecture 2,5,14:30,16:00,STE H0104,INTRODUCTION TO COMPUTING II,Guy-Vincent Jourdan
ITI1121,B,Laboratory 1,6,09:00,12:00,STE 2060,INTRODUCTION TO COMPUTING II,Not available at this time.
ITI1121,B,Laboratory 2,1,19:00,22:00,STE 2052,INTRODUCTION TO COMPUTING II,Not available at this time.
ITI1121,B,Laboratory 3,2,14:30,17:30,STE 0131,INTRODUCTION TO COMPUTING II,Not available at this time.
ITI1121,B,Laboratory 4,2,14:30,17:30,STE 2052,INTRODUCTION TO COMPUTING II,Not available at this time.
ITI1121,B,Laboratory 5,5,17:30,20:30,STE 0131,INTRODUCTION TO COMPUTING II,Not available at this time.
ITI1121,C,Lecture 1,1,11:30,13:00,STE G0103,INTRODUCTION TO COMPUTING II,Guy-Vincent Jourdan
ITI1121,C,Lecture 2,4,13:00,14:30,STE G0103,INTRODUCTION TO COMPUTING II,Guy-Vincent Jourdan
ITI1121,C,Laboratory 1,6,09:00,12:00,STE 2060,INTRODUCTION TO COMPUTING II,Not available at this time.
ITI1121,C,Laboratory 2,1,19:00,22:00,STE 2060,INTRODUCTION TO COMPUTING II,Not available at this time.
ITI1121,C,Laboratory 3,5,11:30,14:30,STE 0131,INTRODUCTION TO COMPUTING II,Not available at this time.
ITI1121,C,Laboratory 4,3,19:00,22:00,STE 2052,INTRODUCTION TO COMPUTING II,Not available at this time.
ITI1500,A,Lecture 1,1,11:30,13:00,MRT 212,SYSTÈMES NUMÉRIQUES I,Ahmed Karmouch
ITI1500,A,Lecture 2,4,14:30,16:00,MRN 150,SYSTÈMES NUMÉRIQUES I,Ahmed Karmouch
ITI1500,A,Laboratory 1,5,14:30,17:30,CBY B302,SYSTÈMES NUMÉRIQUES I,Not available at this time.
ITI1500,A,Laboratory 2,4,11:30,14:30,CBY B302,SYSTÈMES NUMÉRIQUES I,Not available at this time.
ITI1500,A,Tutorial 1,2,17:30,19:00,ART 257,SYSTÈMES NUMÉRIQUES I,Not available at this time.
ITI1520,B,Lecture 1,2,10:00,11:30,LEE B163,INTRO. À L'INFORMATIQUE I,Aziz Abdesselam
ITI1520,B,Lecture 2,4,08:30,10:00,LEE B163,INTRO. À L'INFORMATIQUE I,Aziz Abdesselam
ITI1520,B,Laboratory 1,3,14:30,17:30,STE 0131,INTRO. À L'INFORMATIQUE I,Not available at this time.
ITI1521,A,Lecture 1,1,13:00,14:30,TBT 333,INTRO. À L'INFORMATIQUE II,Marcel Turcotte
ITI1521,A,Lecture 2,3,11:30,13:00,TBT 333,INTRO. À L'INFORMATIQUE II,Marcel Turcotte
ITI1521,A,Laboratory 1,2,19:00,22:00,STE 0130,INTRO. À L'INFORMATIQUE II,Not available at this time.
ITI1521,A,Laboratory 2,5,11:30,14:30,STE 2052,INTRO. À L'INFORMATIQUE II,Not available at this time.
ITI1521,A,Laboratory 3,2,19:00,22:00,STE 0131,INTRO. À L'INFORMATIQUE II,Not available at this time.
ITI1521,A,Laboratory 4,5,11:30,14:30,CBY B02,INTRO. À L'INFORMATIQUE II,Not available at this time.
MCG1100,A,Lecture 1,4,11:30,13:00,CBY B02,MECHANICAL ENGINEERING,William Hallett
MCG1100,A,Laboratory 1,5,14:30,17:30,CBY B02,MECHANICAL ENGINEERING,Albert Mazzawi
MCG1100,A,Laboratory 2,5,08:00,10:00,CBY C011,MECHANICAL ENGINEERING,William Hallett
MCG1100,B,Lecture 1,4,17:30,19:00,CBY B02,MECHANICAL ENGINEERING,William Hallett
MCG1100,B,Laboratory 1,2,19:00,22:00,CBY B02,MECHANICAL ENGINEERING,Steven Recoskie
MCG1100,B,Laboratory 2,1,12:00,14:00,CBY C011,MECHANICAL ENGINEERING,William Hallett
MCG1100,C,Lecture 1,3,14:30,16:00,CBY B02,MECHANICAL ENGINEERING,William Hallett
MCG1100,C,Laboratory 1,4,13:00,16:00,CBY B02,MECHANICAL ENGINEERING,Albert Mazzawi
MCG1100,C,Laboratory 2,2,18:30,20:30,CBY C011,MECHANICAL ENGINEERING,Not available at this time.
MCG1100,D,Lecture 1,1,16:00,17:30,CBY B02,MECHANICAL ENGINEERING,William Hallett
MCG1100,D,Laboratory 1,1,19:00,22:00,CBY B02,MECHANICAL ENGINEERING,Steven Recoskie
MCG1100,D,Laboratory 2,4,08:00,10:00,CBY C011,MECHANICAL ENGINEERING,Philippe Dupuis
MCG1500,A,Lecture 1,1,14:30,16:00,CBY B02,GÉNIE MÉCANIQUE,William Hallett
MCG1500,A,Laboratory 1,3,11:30,14:30,CBY B02,GÉNIE MÉCANIQUE,Albert Mazzawi
MCG1500,A,Laboratory 2,1,08:00,10:00,CBY C011,GÉNIE MÉCANIQUE,Eric Lanteigne
MCG1500,B,Lecture 1,3,10:00,11:30,CBY B02,GÉNIE MÉCANIQUE,William Hallett
MCG1500,B,Laboratory 1,2,14:30,17:30,CBY B02,GÉNIE MÉCANIQUE,Albert Mazzawi
MCG1500,B,Laboratory 2,4,16:00,18:00,CBY C011,GÉNIE MÉCANIQUE,Eric Lanteigne
MCG2101,A,Lecture 1,4,14:00,16:00,CBY C03,Introduction to Design,François Robitaille
MCG2101,A,Laboratory 1,2,14:30,16:30,CBY C011,Introduction to Design,Not available at this time.
MCG2101,A,Laboratory 2,3,11:30,13:30,CBY C011,Introduction to Design,Not available at this time.
MCG2101,A,Laboratory 3,1,14:30,16:30,CBY C011,Introduction to Design,Not available at this time.
MCG2131,A,Lecture 1,1,10:00,11:30,MRT 218,THERMODYNAMICS II,William Hallett
MCG2131,A,Lecture 2,3,08:30,10:00,MRT 218,THERMODYNAMICS II,William Hallett
MCG2131,A,Discussion Group 1,5,17:30,19:00,CBY B012,THERMODYNAMICS II,Not available at this time.
MCG2131,A,Discussion Group 2,5,17:30,19:00,CBY B202,THERMODYNAMICS II,Not available at this time.
MCG2131,A,Discussion Group 3,5,17:30,19:00,STE C0136,THERMODYNAMICS II,Not available at this time.
MCG2131,A,Discussion Group 4,5,17:30,19:00,CBY E016,THERMODYNAMICS II,Not available at this time.
MCG2131,A,Laboratory 1,3,13:00,16:00,Consult the department,THERMODYNAMICS II,Not available at this time.
MCG2131,A,Laboratory 2,5,14:30,17:30,Consult the department,THERMODYNAMICS II,Not available at this time.
MCG2142,A,Lecture 1,1,08:30,10:00,STE B0138,BIOLOGICAL &amp; ENG MATERIALS II,Fabio Variola
MCG2142,A,Lecture 2,4,10:00,11:30,STE B0138,BIOLOGICAL &amp; ENG MATERIALS II,Fabio Variola
MCG2142,A,Laboratory 1,5,08:00,10:00,Consult the department,BIOLOGICAL &amp; ENG MATERIALS II,Not available at this time.
MCG2361,A,Lecture 1,1,08:30,10:00,ART 257,ENGINEERING MATERIALS II,Ali Ourdjini
MCG2361,A,Lecture 2,4,10:00,11:30,ART 257,ENGINEERING MATERIALS II,Ali Ourdjini
MCG2361,A,Laboratory 1,3,17:30,20:30,CBY C011,ENGINEERING MATERIALS II,Not available at this time.
MCG2501,A,Lecture 1,5,13:30,15:30,MCD 121,Introduction à la conception,François Robitaille
MCG2501,A,Laboratory 1,1,10:00,12:00,CBY C011,Introduction à la conception,Not available at this time.
MCG2501,A,Laboratory 2,5,11:30,13:30,CBY C011,Introduction à la conception,Not available at this time.
MCG2531,A,Lecture 1,5,08:30,11:30,VNR 3035,THERMODYNAMIQUE II,Bertrand Jodoin
MCG2531,A,Laboratory 1,2,16:00,19:00,STE C0136,THERMODYNAMIQUE II,Not available at this time.
MCG2531,A,Laboratory 2,2,14:30,17:30,Consult the department,THERMODYNAMIQUE II,Not available at this time.
MCG2531,A,Tutorial 1,2,08:30,10:00,VNR 2095,THERMODYNAMIQUE II,Not available at this time.
MCG2542,,Lecture 1,2,13:00,14:30,LPR 285,MATÉRIAUX BIOLOGIQUES II,Fabio Variola
MCG2542,,Lecture 2,4,11:30,13:00,LPR 285,MATÉRIAUX BIOLOGIQUES II,Fabio Variola
MCG2542,,Laboratory 1,3,08:00,10:00,Consult the department,MATÉRIAUX BIOLOGIQUES II,Not available at this time.
MCG2761,A,Lecture 1,1,13:00,14:30,VNR 3035,MATÉRIEUX DE L INGÉNIEUR II,Mohammed Yandouzi
MCG2761,A,Lecture 2,3,11:30,13:00,VNR 3035,MATÉRIEUX DE L INGÉNIEUR II,Mohammed Yandouzi
MCG2761,A,Laboratory 1,3,14:30,16:30,CBY C011,MATÉRIEUX DE L INGÉNIEUR II,Not available at this time.
MCG3110,A,Lecture 1,1,08:30,11:30,STE H0104,HEAT TRANSFER,Patrick Richer
MCG3110,A,Tutorial 1,3,08:00,10:00,STE H0104,HEAT TRANSFER,Not available at this time.
MCG3131,A,Lecture 1,2,11:30,13:00,SMD 224,MACHINE DESIGN,Ahsan Faraz Ahmed
MCG3131,A,Lecture 2,5,13:00,14:30,SMD 224,MACHINE DESIGN,Ahsan Faraz Ahmed
MCG3131,A,Tutorial 1,1,19:00,21:00,CBY B205,MACHINE DESIGN,Not available at this time.
MCG3141,A,Lecture 1,1,16:00,17:30,LMX 405,BIOMECHANICS,Isabelle Catelas
MCG3141,A,Lecture 2,3,14:30,16:00,STE C0136,BIOMECHANICS,Isabelle Catelas
MCG3141,A,Tutorial 1,2,08:00,10:00,CBY E016,BIOMECHANICS,Not available at this time.
MCG3143,A,Lecture 1,1,11:30,13:00,CBY E015,BIO-FLUID MECHANICS,Marianne Fenech
MCG3143,A,Lecture 2,4,13:00,14:30,CBY E015,BIO-FLUID MECHANICS,Marianne Fenech
MCG3143,A,Laboratory 1,3,11:30,14:30,STE 2052,BIO-FLUID MECHANICS,Not available at this time.
MCG3143,A,Tutorial 1,4,10:00,11:30,CBY E015,BIO-FLUID MECHANICS,Not available at this time.
MCG3145,A,Lecture 1,2,19:00,22:00,SCS E217,ADVANCED STRENGTH OF MATERIALS,Ahsan Faraz Ahmed
MCG3145,A,Tutorial 1,2,08:00,10:00,LMX 221,ADVANCED STRENGTH OF MATERIALS,Not available at this time.
MCG3307,A,Lecture 1,1,14:30,16:00,CBY D207,CONTROL SYSTEMS,Davide Spinello
MCG3307,A,Lecture 2,4,16:00,17:30,CBY D207,CONTROL SYSTEMS,Davide Spinello
MCG3307,A,Tutorial 1,5,08:00,10:00,CBY B02,CONTROL SYSTEMS,Not available at this time.
MCG3341,A,Lecture 1,3,13:00,14:30,DMS 1110,FLUID MECHANICS II,Matei Radulescu
MCG3341,A,Lecture 2,5,11:30,13:00,DMS 1110,FLUID MECHANICS II,Matei Radulescu
MCG3341,A,Laboratory 1,4,08:00,10:00,Consult the department,FLUID MECHANICS II,Not available at this time.
MCG3341,A,Tutorial 1,3,10:00,11:30,LEE A131,FLUID MECHANICS II,Not available at this time.
MCG3545,A,Lecture 1,1,13:00,14:30,CBY E016,RÉSISTANCE DES MATÉRIAUX II,Ali Ourdjini
MCG3545,A,Lecture 2,3,11:30,13:00,CBY E016,RÉSISTANCE DES MATÉRIAUX II,Ali Ourdjini
MCG3545,A,Tutorial 1,2,10:00,11:30,TBT 327,RÉSISTANCE DES MATÉRIAUX II,Not available at this time.
MCG3741,A,Lecture 1,1,11:30,13:00,SCS E217,MÉCANIQUE DES FLUIDES II,Matei Radulescu
MCG3741,A,Lecture 2,4,13:00,14:30,SCS E217,MÉCANIQUE DES FLUIDES II,Matei Radulescu
MCG3741,A,Laboratory 1,2,17:30,19:30,Consult the department,MÉCANIQUE DES FLUIDES II,Not available at this time.
MCG3741,A,Tutorial 1,4,10:00,11:30,KED B015,MÉCANIQUE DES FLUIDES II,Not available at this time.
MCG4127,A,Lecture 1,2,08:00,10:00,SMD 226,APPLI.OF COMP.IN MECHA. ENGIN.,Catherine Mavriplis
MCG4127,A,Laboratory 1,5,09:30,11:30,STE 2052,APPLI.OF COMP.IN MECHA. ENGIN.,Not available at this time.
MCG4134,A,Lecture 1,1,13:00,14:30,STE C0136,ROBOT DESIGN AND CONTROL,Davide Spinello
MCG4134,A,Lecture 2,3,11:30,13:00,STE C0136,ROBOT DESIGN AND CONTROL,Davide Spinello
MCG4139,A,Lecture 1,2,13:00,14:30,TBT 315,COMPU. METH. FLUID &amp; HEAT TRAN,James Gerald McDonald
MCG4139,A,Lecture 2,4,11:30,13:00,TBT 315,COMPU. METH. FLUID &amp; HEAT TRAN,James Gerald McDonald
MCG4139,A,Laboratory 1,4,17:30,19:00,STE 0131,COMPU. METH. FLUID &amp; HEAT TRAN,Not available at this time.
MCG4150,A,Lecture 1,4,19:00,22:00,LPR 154,BIOINSTRUMENT,Costel Flueraru
MCG4150,A,Tutorial 1,3,08:30,10:00,MRT 252,BIOINSTRUMENT,Not available at this time.
MCG4152,A,Lecture 1,1,08:30,10:00,STE J0106,DESIGN OF ARTIFICIAL ORGANS,Marianne Fenech
MCG4152,A,Lecture 2,4,10:00,11:30,STE J0106,DESIGN OF ARTIFICIAL ORGANS,Marianne Fenech
MCG4152,A,Laboratory 1,2,10:00,12:00,CBY C011,DESIGN OF ARTIFICIAL ORGANS,Not available at this time.
MCG4152,A,Tutorial 1,4,17:30,19:00,CBY B012,DESIGN OF ARTIFICIAL ORGANS,Not available at this time.
MCG4190,B,Lecture 1,2,14:30,17:30,CBY B202,SELECTED TOPICS I,Eric van Blaeren
MCG4190,B,Tutorial 1,1,10:00,11:30,TBT 317,SELECTED TOPICS I,Not available at this time.
MCG4190,C,Lecture 1,2,19:00,22:00,CBY B202,SELECTED TOPICS I,Patrick Dumond
MCG4190,C,Laboratory 1,1,08:30,11:30,Consult the department,SELECTED TOPICS I,Not available at this time.
MCG4190,D,Lecture 1,1,19:00,22:00,STE F0126,SELECTED TOPICS I,Kevin Bagheri
MCG4190,D,Laboratory 1,4,14:30,17:30,Consult the department,SELECTED TOPICS I,Not available at this time.
MCG4191,A,Lecture 1,5,11:30,14:30,LEE C102,SELECTED TOPICS II,Patrick Dumond
MCG4191,A,Laboratory 1,2,14:30,17:30,Consult the department,SELECTED TOPICS II,Not available at this time.
MCG4308,A,Lecture 1,1,11:30,13:00,MRT 205,MECHANICAL VIBRATION ANALYSIS,Natalie Baddour
MCG4308,A,Lecture 2,3,10:00,11:30,MRT 205,MECHANICAL VIBRATION ANALYSIS,Natalie Baddour
MCG4308,A,Discussion Group 1,2,17:30,19:00,VNR 2075,MECHANICAL VIBRATION ANALYSIS,Not available at this time.
MCG4308,A,Discussion Group 2,2,17:30,19:00,VNR 3075,MECHANICAL VIBRATION ANALYSIS,Not available at this time.
MCG4325,A,Lecture 1,4,08:30,11:30,LMX 106,GAS DYNAMICS,Bertrand Jodoin
MCG4325,A,Tutorial 1,2,11:30,13:00,MRT 015,GAS DYNAMICS,Not available at this time.
MCG4340,A,Lecture 1,5,14:30,16:00,STE A0150,MECHANICAL ENGINEERING LAB,Stavros Tavoularis
MCG4340,A,Laboratory 1,1,14:30,18:30,Consult the department,MECHANICAL ENGINEERING LAB,Not available at this time.
MCG4340,A,Laboratory 2,3,16:00,20:00,Consult the department,MECHANICAL ENGINEERING LAB,Not available at this time.
MCG4340,A,Seminar 1,3,14:30,16:00,STE H0104,MECHANICAL ENGINEERING LAB,Catherine Mavriplis
SEG2106,A,Lecture 1,2,14:30,16:00,TBT 070,SOFTWARE CONSTRUCTION,Gregor Bochmann
SEG2106,A,Lecture 2,5,16:00,17:30,TBT 070,SOFTWARE CONSTRUCTION,Gregor Bochmann
SEG2106,A,Laboratory 1,1,19:00,22:00,STE 0130,SOFTWARE CONSTRUCTION,Not available at this time.
SEG2106,A,Laboratory 2,2,19:00,22:00,STE 2052,SOFTWARE CONSTRUCTION,Not available at this time.
SEG2506,A,Lecture 1,1,13:00,14:30,LEE C104,CONSTRUCTION DE LOGICIELS,Gregor Bochmann
SEG2506,A,Lecture 2,3,11:30,13:00,LEE C104,CONSTRUCTION DE LOGICIELS,Gregor Bochmann
SEG2506,A,Laboratory 1,5,14:30,17:30,STE 2052,CONSTRUCTION DE LOGICIELS,Not available at this time.
SEG2911,D,Lecture 1,3,16:00,19:00,DMS 1120,INGENIEUR LOGICIEL/SOFTW. ENG.,Claude D'Amours
SEG2911,D,Tutorial 1,4,17:30,19:00,LMX 405,INGENIEUR LOGICIEL/SOFTW. ENG.,Not available at this time.
SEG2911,E,Lecture 1,3,16:00,19:00,CBY C03,INGENIEUR LOGICIEL/SOFTW. ENG.,Carlisle Adams
SEG2911,E,Tutorial 1,4,17:30,19:00,VNR 5070,INGENIEUR LOGICIEL/SOFTW. ENG.,Not available at this time.
SEG2911,F,Lecture 1,3,16:00,19:00,MNT 207,INGENIEUR LOGICIEL/SOFTW. ENG.,Alexandre Lemieux
SEG2911,F,Tutorial 1,4,17:30,19:00,BRS 302,INGENIEUR LOGICIEL/SOFTW. ENG.,Not available at this time.
SEG3103,A,Lecture 1,1,11:30,13:00,TBT 319,SOFTWARE QUALITY ASSURANCE,Stéphane Some
SEG3103,A,Lecture 2,4,13:00,14:30,TBT 319,SOFTWARE QUALITY ASSURANCE,Stéphane Some
SEG3103,A,Laboratory 1,1,08:30,10:00,STE 2060,SOFTWARE QUALITY ASSURANCE,Not available at this time.
SEG3103,A,Tutorial 1,1,10:00,11:30,LEE B152,SOFTWARE QUALITY ASSURANCE,Not available at this time.
SEG3125,A,Lecture 1,2,11:30,13:00,STE F0126,ANAL. &amp; DESIGN USER INTERFACES,Fadi Malek
SEG3125,A,Lecture 2,5,13:00,14:30,STE F0126,ANAL. &amp; DESIGN USER INTERFACES,Fadi Malek
SEG3125,A,Laboratory 1,1,14:30,16:00,STE 2060,ANAL. &amp; DESIGN USER INTERFACES,Not available at this time.
SEG3125,A,Tutorial 1,1,13:00,14:30,LMX 243,ANAL. &amp; DESIGN USER INTERFACES,Not available at this time.
SEG4145,A,Lecture 1,1,13:00,14:30,MCD 121,REAL TIME EMBEDDED SOFTWARE,Gilbert Arbez
SEG4145,A,Lecture 2,3,11:30,13:00,MCD 121,REAL TIME EMBEDDED SOFTWARE,Gilbert Arbez
SEG4145,A,Laboratory 1,3,19:00,22:00,STE 2061,REAL TIME EMBEDDED SOFTWARE,Not available at this time.
SEG4145,A,Tutorial 1,2,08:30,10:00,SMD 430,REAL TIME EMBEDDED SOFTWARE,Not available at this time.
SEG4545,A,Lecture 1,1,08:30,10:00,CBY E016,CONC. SYST. EMBAR.&amp; TEMPS REEL,Gilbert Arbez
SEG4545,A,Lecture 2,4,10:00,11:30,CBY E016,CONC. SYST. EMBAR.&amp; TEMPS REEL,Gilbert Arbez
SEG4545,A,Laboratory 1,3,19:00,22:00,Consult the department,CONC. SYST. EMBAR.&amp; TEMPS REEL,Not available at this time.
SEG4545,A,Tutorial 1,4,08:30,10:00,SMD 425,CONC. SYST. EMBAR.&amp; TEMPS REEL,Not available at this time.
SEG4910,W,Lecture 1,3,10:00,11:30,MRT 256,PROJET SEG PROJECT I,Liam Peyton
SEG4910,W,Lecture 2,5,08:30,10:00,MRT 256,PROJET SEG PROJECT I,Not available at this time.
SEG4911,W,Lecture 1,3,10:00,11:30,MRT 256,PROJET SEG PROJECT II,Timothy Lethbridge
SEG4911,W,Lecture 2,5,08:30,10:00,MRT 256,PROJET SEG PROJECT II,Not available at this time.
